,Description,City,Category,Payment Information,Paid,Header,Date,Time
0,"On December 4, a raki festival will be held in PodgoricağŸ¸ in the lobby of the [CUE hotel] (https://goo.gl/maps/YGHNbBfBYvxGRFnv5) (this is in the Capital Plaza)

120 producers from Montenegro and neighboring countries will present their alcoholic beverages",Podgorica,5,,False,"On December 4, a raki festival will be held in PodgoricağŸ¸ in the lobby of the [CUE hotel] (https://goo.gl/maps/YGHNbBfBYvxGRFnv5) (this is in the Capital Plaza)

120 producers from Montenegro and neighboring countries will present their alcoholic beverages",12/04/2022,00:00
1,"BUDVA
â˜•ï¸ STYLISH BREAKFAST

ğŸ’«Let's dive into the world of our archetypes and style together! * Archetypes are our subpersonalities, manifested outside.

IN THE PROGRAM seed:
ğŸ“Œ study yourself in astrology and archetypes
ğŸ“Œ recommendations from the stylist on appearance and style
ğŸ“Œ breakfastğŸ§‡
ğŸ“Œ pleasant communication with interesting women

You will learn:
â­ï¸ what kind of woman are you through astrology and personal harmonization list
â­ï¸ a ready-made wardrobe and style scheme: what to wear, what colors, what makeup, hairstyles are suitable
â­ï¸ basic wardrobe. Personal capsule. Fundamentals of formation.

ğŸª„As a gift you get 2 style guides from an astropsychologist.

Experts:
ğŸª„ Astropsychologist
https://instagram.com/anastasia.noz
ğŸª„Shopping guide in Montenegro https://instagram.com/kuznecova_luda

After unpacking your personality, you better understand yourself and easily communicate your values â€‹â€‹and style.

ğŸ“Œ November 16, at 10:00
Participation fee: 30â‚¬ (excluding breakfast)
Perla Restaurant
â¡ï¸Book in PM @AnastasiiaZas

WAIT FOR YOU!âœ¨",Budva,6,30 â‚¬,True,"BUDVA
â˜•ï¸ STYLISH BREAKFAST

ğŸ’«Let's dive into the world of our archetypes and style together!",11/16/2022,10:00
2,"BUDVA ğŸ‡²ğŸ‡ª ART PARTYğŸ‰

Do you want to have a great SUNDAY? We invite you to our Art Party ğŸ˜Š

Program :

ğŸ”¥ 3 hours of creative reboot awaits you at the PERLA restaurant, a cozy company, gifts from us ğŸ

ğŸ”¥ Professional canvases, all material, inventory, packaging of paintings!

ğŸ”¥ A glass of wine and snacks from the restaurant!

ğŸ”¥ Professional photographer!

ğŸ“November 13 - SUNDAY, starting at 13:00!
ğŸ“Price 55 â‚¬, all inclusive!
ğŸ“No experience or skills needed, everyone can do it! We have a large selection of different paintings for you ğŸ‘Œ

WAITING FOR YOU ğŸ¥³

Telegram : @art_mont

Instagram : http://instagram.com/ru_art_monte",Budva,4,55 â‚¬,True,"BUDVA ğŸ‡²ğŸ‡ª ART PARTYğŸ‰

Do you want to have a great SUNDAY?",11/13/2022,13:00
3,"ğŸ‡²ğŸ‡ª Dancing for children in Hergets NoviğŸ’ƒğŸ¼

Dear friends, we invite your children to dance. Recruitment is open for groups for performances and competitions, and for general development:

1. Group 3-5 years
Wednesday 16:00-16:45
Sunday 10:00-10:45

2. Group 6-9 years old
Thursday 17:00-18:00
Sunday 11:00-12:15

3. Group 10-12 years old
Tuesday 19:00-20:00
Thursday 19:00-20:00
Saturday 14:00-15:30
Sunday 12:30-14:00

4. Group 13+
Tuesday, Thursday, Friday 20:00
Saturday 11:00
Sunday 14:00

Prices:
Group 3-5 â€“ 25â‚¬ per month

Group 6-9 â€“ 30â‚¬ per month

Group 10-12 â€“ 35â‚¬ per month

Group 13+ â€“ 45â‚¬ per month

If more than one child goes from one family, then from each subscription -5â‚¬.

For all questions contact @mary_karz",Herceg Novi,2,25 â‚¬,True,"ğŸ‡²ğŸ‡ª Dancing for children in Hergets NoviğŸ’ƒğŸ¼

Dear friends, we invite your children to dance.",11/02/2022,10:00
4,"Hi all! The next QUIZ will take place on November 12 (Saturday) at 19:00 in Budva at the KRALj restaurant, Slovenska Obala. Game fee - 7 euros per person. Children under 10 years free. Whatsapp / viber / telegram - 89058261602. We will be glad to new members! Thank you)",Budva,1,7 â‚¬,True,Hi all!,11/13/2022,19:00
5,"Baby theater for children from 1 to 3 years old!
Performance ""Sea history"" for the smallest spectators and their parents 12.11 (Saturday) and 13.11 (Sunday) at 10:00.
Address: Budva, Zavala, Dukley Gardens, Hotel Harmonia by Dukley.
All inquiries and ticket reservations (10e) by tel. +38269740077 (WA, Vib, Tel)
Instagram: baby.theatre.mne",Budva,4,,False,Baby theater for children from 1 to 3 years old!,11/13/2022,10:00
6,"ğŸ‡²ğŸ‡ª On the square in front of the Old Town of the tourist capital of Montenegro Budva on Saturday [will take place] (https://www.cdm.me/grad/za-vikend-veselo-u-budvi/) a series of events:

11:00 Section of young folklorists of the cultural center Stara Budva
12:00 Creative workshop: ""Ball under autumn hats"", performance of the Kindergarten
13:00 Mascot show, children's choir in D minor
14:00 Music performance
15:00 DJ CHBX, face painting

[Montenegro-News](https://t.me/VillaEdelweissMontenegro)",Budva,7,,False,"ğŸ‡²ğŸ‡ª On the square in front of the Old Town of the tourist capital of Montenegro Budva on Saturday [will take place] (https://www.cdm.me/grad/za-vikend-veselo-u-budvi/) a series of events:

11:00 Section of young folklorists of the cultural center Stara Budva
12:00 Creative workshop: ""Ball under autumn hats"", performance of the Kindergarten
13:00 Mascot show, children's choir in D minor
14:00 Music performance
15:00 DJ CHBX, face painting

[Montenegro-News](https://t.me/VillaEdelweissMontenegro)",11/13/2022,11:00
7,"Blue Cat - Art cafe-bar in the center of the old town of Budva!

LÄ°VE MUSÄ°C - Friday and Saturday! 11.11-12.11

Live music and a 20% discount * for the second cocktail from 20:00-22:00 ğŸ’ƒ

* Be sure to tell the employee about the promotion!

We invite everyone to look into this cozy placeğŸ’«.

Waiting for you:
- Good musicğŸ¶
- Nice and atmospheric environmentğŸ’ƒ
- Affectionate, local catsğŸˆâ€â¬›
- Exclusive COCKTAILS from the bartender!ğŸ¹

Our Instagram: bluecatartcafe",Budva,2,,False,Blue Cat - Art cafe-bar in the center of the old town of Budva!,11/13/2022,20:00
8,"The intellectual game ""Question and Answer"" will take place on November 9 (Wednesday) at 19:00 in Budva at the Kafana Stella cafe (Mainski Put 34). The maximum number of players in a team is 6 people. Game fee - 5 euros per person. Children under 10 years free. Viber / whatsapp / telegram - 89058261602. Come yourself and tell your friends and acquaintances!ğŸ˜‰",Budva,3,5 â‚¬,True,"The intellectual game ""Question and Answer"" will take place on November 9 (Wednesday) at 19:00 in Budva at the Kafana Stella cafe (Mainski Put 34).",11/13/2022,19:00
9,"ğŸ‡²ğŸ‡ª Traditional Montenegrin **Olive Festival **(Maslinijada) [will take place](http://barinfo.me/jubilarna-maslinijada-od-25-do-27-novembra/) this year in Stari Bar 25, 26 and November 27th.

[Montenegro-News](https://t.me/VillaEdelweissMontenegro)",Bar,5,,False,"ğŸ‡²ğŸ‡ª Traditional Montenegrin **Olive Festival **(Maslinijada) [will take place](http://barinfo.me/jubilarna-maslinijada-od-25-do-27-novembra/) this year in Stari Bar 25, 26 and November 27th.",11/25/2022,00:00
10,"ğŸ‡²ğŸ‡ª The world's largest book fair on the ship **Logos Hope** will sail from the port of the Montenegrin city of Bar on November 9 and [arrive](https://bokanews.me/logos-hope-najveci-svjetski-plutajuci-sajam-knjiga -od-9-do-23-novembra-u-marini-portonovi/) to the marina of the luxury Montenegrin resort Portonovi.

Logos Hope will be open to the public in Portonovi from 9 to 21 November 2022, from Tuesday to Friday from 10:00 to 18:00, and on Saturdays and Sundays from 14:00 to 21:00.

[Montenegro-News](https://t.me/VillaEdelweissMontenegro)",Bar,5,,False,ğŸ‡²ğŸ‡ª The world's largest book fair on the ship **Logos Hope** will sail from the port of the Montenegrin city of Bar on November 9 and [arrive](https://bokanews.me/logos-hope-najveci-svjetski-plutajuci-sajam-knjiga -od-9-do-23-novembra-u-marini-portonovi/) to the marina of the luxury Montenegrin resort Portonovi.,11/13/2022,10:00
11,"13.11 at 22:00 only for 18+ exclusive show program presented by duo DIVA in the restaurant X atelier Budva Zrtva Fasizma 13
Order with table deposit by phone +38269195787
WILL BE HOT",Budva,2,,False,"13.11 at 22:00 only for 18+ exclusive show program presented by duo DIVA in the restaurant X atelier Budva Zrtva Fasizma 13
Order with table deposit by phone +38269195787
WILL BE HOT",11/13/2022,22:00
12,"ğŸ¨Art-evening ""Music of the Middle Ages: secrets and legends""

Dear friends, on November 15, we invite you to an evening about music in the atmosphere of an intellectual salon: an exquisite restaurant space, good wine, and most importantly, a serious and at the same time witty story about the amazing and mysterious world of medieval music.

At the evening we will discuss:
ğŸ¶When does the musical Middle Ages begin and end?
ğŸ¶How and why did you listen, compose and perform music then? And what kind of music has come down to us?
ğŸ¶How is music preserved in general and do we really hear what we listened to 700 and 900 years ago?

ğŸ“ Speaker: Danil Ryabchikov is one of the leading researchers and musicians specializing in the study and performance of medieval music. Author of books, articles and podcasts on music history
ğŸ“ Location: Tivat, Theodorus restaurant
â° When: November 15 at 19:00
ğŸ’¶ Participation fee: 20â‚¬
(We treat all guests with a glass of wine)

ğŸ’Œ Seats are limited!
Pre-registration required: TG @Anna_Goncharova365 or what's up number
+380978662612

See you on a date with artğŸ¥‚",Tivat,4,20 â‚¬,True,"ğŸ¨Art-evening ""Music of the Middle Ages: secrets and legends""

Dear friends, on November 15, we invite you to an evening about music in the atmosphere of an intellectual salon: an exquisite restaurant space, good wine, and most importantly, a serious and at the same time witty story about the amazing and mysterious world of medieval music.",11/15/2022,19:00
13,"ğŸ‡²ğŸ‡ª In Montenegrin Herceg Novi from November 19 to 20 [will be held] (https://bokanews.me/herceg-novi-jesenja-festa-19-i-20-novembra/) the traditional **Autumn Festival.**

[Montenegro-News](https://t.me/VillaEdelweissMontenegro)",Herceg Novi,5,,False,ğŸ‡²ğŸ‡ª In Montenegrin Herceg Novi from November 19 to 20 [will be held] (https://bokanews.me/herceg-novi-jesenja-festa-19-i-20-novembra/) the traditional **Autumn Festival.,11/19/2022,00:00
14,"ğŸ‡²ğŸ‡ª On the embankment of the Montenegrin city of Tivat tomorrow November 8 [will be held] (https://bokanews.me/gpd-tivat-promenadnim-koncertom-obiljezava-113-godina-postojanja/) a musical procession will be held on the occasion of 113 years since the founding of the Society of Musical enlightenment of Tivat.

[Montenegro-News](https://t.me/VillaEdelweissMontenegro)",Tivat,2,,False,ğŸ‡²ğŸ‡ª On the embankment of the Montenegrin city of Tivat tomorrow November 8 [will be held] (https://bokanews.me/gpd-tivat-promenadnim-koncertom-obiljezava-113-godina-postojanja/) a musical procession will be held on the occasion of 113 years since the founding of the Society of Musical enlightenment of Tivat.,11/08/2022,00:00
15,"Hi all!

November 18th. Budva. stand-up.

Stand-Up Concert from one of the pioneers of Russian Stand-Up Comedy.

Igor Meyerson
""The only stand-up comedian in Montenegro.""
Guest comedians take part in the concert.

Igor Meyerson
âš¡ï¸Comedy Club Resident and Leningrad Stand-Up Club
âš¡ï¸Creator of Comedy Battle
âš¡ï¸Marshstream Solo Fest Winner (San Francisco)
âš¡ï¸ Included in the Best of the Fest of the Fringe Festival (Edinburgh)

""Meyerson is a great comedian, funny and wise, like the grandma you always dreamed of."" (Dylan Moran)

Waiting for you!

Budva. ITbranch.house
11/18/22
19.00

Tickets at https://igormeerson.com/taplink

Seats are limited, so it's best to buy tickets online in advanceğŸ™ŒğŸ»",Budva,8,,False,Hi all!,11/18/2022,00:00
16,"ğŸ‡²ğŸ‡ªğŸ‡·ğŸ‡º Yesterday in the resort capital of Montenegro, Budva, two concerts of the Russian stand-up comedian [Denis Chuzhoy] took place (https://www.youtube.com/c/Denis Chuzhoy).

[Montenegro-News](https://t.me/VillaEdelweissMontenegro)",Budva,8,,False,"ğŸ‡²ğŸ‡ªğŸ‡·ğŸ‡º Yesterday in the resort capital of Montenegro, Budva, two concerts of the Russian stand-up comedian [Denis Chuzhoy] took place (https://www.youtube.com/c/Denis Chuzhoy).",11/14/2022,00:00
17,"**Logos Hope Floating Book Fair

**ğŸ“… November 9 - 20 (except Mon)
âŒšï¸ 10:00 - 21:00 â¡ï¸ Tue - Sat
âŒšï¸ 14:00 - 21:00 â¡ï¸ Sun
ğŸ“[Porto Novi](https://goo.gl/maps/XJG82mCeR2raHWdD8) Herceg Novi

ğŸ—£ English
**ğŸŸ 1â‚¬** (under 12 and over 65 free)

Logos Hope is not just a ship, but the world's largest floating book fair. Basically, Christian literature is presented on board. The crew of the ship is made up of volunteers from all over the world. I think this is an interesting and unusual project, it is worth visiting. An identity card (passport or personal card) is required to enter.

#books #excursion",Herceg Novi,7,1 â‚¬,True,"**Logos Hope Floating Book Fair

**ğŸ“… November 9 - 20 (except Mon)
âŒšï¸ 10:00 - 21:00 â¡ï¸ Tue - Sat
âŒšï¸ 14:00 - 21:00 â¡ï¸ Sun
ğŸ“[Porto Novi](https://goo.gl/maps/XJG82mCeR2raHWdD8) Herceg Novi

ğŸ—£ English
**ğŸŸ 1â‚¬** (under 12 and over 65 free)

Logos Hope is not just a ship, but the world's largest floating book fair.",,
18,"Hi all! My name is Alexander. My family and I recently moved to Budva and organize leisure activities for children and adultsğŸ˜‰ I am a coach of school teams in mind games (what? where? when?, brain ring, my own game and others), as well as the organizer and host of intellectual tournaments and QUIZ adults. November 5 (Saturday) we will have another game in BudvağŸ˜‰ The fee for the games is 5-7 euros per person. Viber / whatsapp / telegram +79058261602. We will be glad to meet you! Thank you!",Budva,7,7 â‚¬,True,Hi all!,11/05/2022,00:00
19,"5.11 SVET | House5 Club, Tivat

We are glad to invite everyone to bathe again in the rays of electronic sound from the SVET team, who was last time remembers this atmosphere and who was not, can feel it for themselves!

SVET is a series of parties where there are no accidents, where everyone is welcome, everyone is their own ... We continue to highlight hearts as part of a European tour this time in such a beloved and hospitable Montenegro! Meet Tivat! We will shine even louder, even more beautiful in the House5, Tivat club.

Line Up: Beat Inside, Buba, Aniselle

Free admission

Table Reserve: @Che_Beatinside",Kotor,7,,False,"5.11 SVET | House5 Club, Tivat

We are glad to invite everyone to bathe again in the rays of electronic sound from the SVET team, who was last time remembers this atmosphere and who was not, can feel it for themselves!",11/05/2022,00:00
20,"BUDVA ğŸ‡²ğŸ‡ª

ART PARTY ğŸ‰

We offer a stylish and creative way to spend time off ğŸ˜

Program :

ğŸ”¥ 3 hours of creative reboot awaits you at the PERLA restaurant, a cozy company, gifts from us ğŸ

ğŸ”¥ Professional canvases, all material, inventory, creative paintings!

ğŸ”¥ A glass of wine and snacks from the restaurant!

ğŸ”¥ Professional photographer!

ğŸ“November 6 - SUNDAY, starting at 13:00!
ğŸ“Price 55 â‚¬, all inclusive!
ğŸ“No experience or skills needed, everyone can do it! We have a large selection of different paintings for you ğŸ‘Œ

WAITING FOR YOU ğŸ¥³

Telegram : @art_mont

Instagram : http://instagram.com/ru_art_monte",Budva,4,55 â‚¬,True,"BUDVA ğŸ‡²ğŸ‡ª

ART PARTY ğŸ‰

We offer a stylish and creative way to spend time off ğŸ˜

Program :

ğŸ”¥ 3 hours of creative reboot awaits you at the PERLA restaurant, a cozy company, gifts from us ğŸ

ğŸ”¥ Professional canvases, all material, inventory, creative paintings!",11/13/2022,13:00
21,Ethnic music performed by the virtuoso performer Vladislav Ramanovsky. We are waiting for you at the restaurant X atelier 5.11 at 20:00 at Budva Zrtva Fasizma 13 tel +38269195787,Budva,2,,False,Ethnic music performed by the virtuoso performer Vladislav Ramanovsky.,11/05/2022,20:00
22,"We invite the youngest viewers with their parents to a performance in the ""baby theater"" genre called ""Sea Story"".
This is a special genre for special audiences. A child, at this particular age (1-3 years), first encounters such an art form as theater.
Performances of the ""baby theater"" genre are held with a minimum of words, so the audience is not limited by any language barriers and what is happening on the stage is clear to all children.
The performances will take place on November 05 (Saturday) and November 06 (Sunday), at 10:00.
Address: Budva, Zavala, Harmonia by Dukley hotel
Price: 10e (child + adult).
Duration: 40 min.
Booking tickets by phone. +38269740077 (WA, Vib, Tel)",Budva,4,,False,"We invite the youngest viewers with their parents to a performance in the ""baby theater"" genre called ""Sea Story"".",11/13/2022,10:00
23,"Friends, already this Saturday, November 5, Open heArt Studio invites you to a warm evening in the company of the Two Yegors group and Ekaterina Yashnikova.

Especially for your convenience, we made a cool bot - kamon to get acquainted with the guys and the details of the concert ğŸ‘‰ğŸ»
https://t.me/concert_5nov_bot

ğŸ“Saturday, November 5, 20:00
Art Studio ""Open HeArt""
Entrance: 10â‚¬

ğŸ« Buy tickets in advance from @liya_flow

ğŸ—ºï¸ Studio location ğŸ‘‰
https://goo.gl/maps/vmpTDU3BFWMPbnzT7

ğŸ“º Subscribe to our channel ğŸ‘‰
https://t.me/openheartstudio",,4,10 â‚¬,True,"Friends, already this Saturday, November 5, Open heArt Studio invites you to a warm evening in the company of the Two Yegors group and Ekaterina Yashnikova.",11/05/2022,20:00
24,"ğŸ‡²ğŸ‡ª In Tivat, on November 4 at 18:00 on the city's Pine embankment, a Culinary Heritage Fair will be held, dedicated to the promotion of traditional dishes of the Bay of Kotor.

[Montenegro-News](https://t.me/VillaEdelweissMontenegro)",Kotor,5,,False,"ğŸ‡²ğŸ‡ª In Tivat, on November 4 at 18:00 on the city's Pine embankment, a Culinary Heritage Fair will be held, dedicated to the promotion of traditional dishes of the Bay of Kotor.",11/04/2022,18:00
25,"ğŸ­ In our Musical Theater in Tivat, rehearsals of the mini-opera ""The Snow Queen"" begin.

We invite children from 5 years old to participate in the performance.
A casting is underway for the role of Gerda, the main character of the opera.

The performance will take place on December 24, 2022, at the House of Culture in Donja Lastva - Tivat. Where are our rehearsals?

â—ï¸ We are waiting for you on Tuesdays and Saturdays from 13.00 to 16.00.

Sincerely - the head of the theater - Raisa.

For all questions, contact in private messages @v7mikhailov
on facebook
https://www.facebook.com/raisa.mihajlova1

or any messenger by phone +382 68 5432 48",Tivat,7,,False,"ğŸ­ In our Musical Theater in Tivat, rehearsals of the mini-opera ""The Snow Queen"" begin.",11/05/2022,00:00
26,"ğŸ‡²ğŸ‡ª Traditional ninth fair **Best of Montenegro** [will be held](https://bokanews.me/tradicionalni-sajam-najbolje-iz-crne-gore-4-i-5-novembra/) on Friday and Saturday, November 4 and 5, at the BIG shopping center in Podgorica.

Montenegrin farm products will be presented: honey, bee products, olives, olive oil, fish products, fruits and vegetables, sausages, wines, juices, cheeses and dairy products, teas and medicinal herbs.

[Montenegro-News](https://t.me/VillaEdelweissMontenegro)",Podgorica,5,,False,"ğŸ‡²ğŸ‡ª Traditional ninth fair **Best of Montenegro** [will be held](https://bokanews.me/tradicionalni-sajam-najbolje-iz-crne-gore-4-i-5-novembra/) on Friday and Saturday, November 4 and 5, at the BIG shopping center in Podgorica.",11/14/2022,00:00
27,"ğŸ¨Art evening
""Paul Cezanne: Dialogue of Space and Form""

Dear friends, we are pleased to invite you on November 8 to the next chamber lecture. Let's meet for a glass ğŸ·, get to know each other, communicate and be inspired by the beautiful

Let's talk about the life and work of Cezanne - a serious analyst, subtle poet and reformer of painting.
At the evening we will discuss:
ğŸ¨ Why did Matisse and Picasso call him the father of modern art?
How did Cezanne change painting?
ğŸ¨Why was post-impressionism NOT after impressionism?

ğŸ“ Speaker: Sofya Aksenova, art critic, graduate of Moscow State University, researcher at the Tretyakov Gallery
ğŸ“ Location: Gradska kafana restaurant in Herceg Novi
â° When: 8 November at 18:00
ğŸ’¶ Participation fee: 15â‚¬
(We treat all guests with a glass of wine)

ğŸ’Œ Seats are limited!
Pre-registration required: TG @Anna_Goncharova365 or what's up number
+380978662612

See you on a date with art ğŸ¥‚",Herceg Novi,4,15 â‚¬,True,"ğŸ¨Art evening
""Paul Cezanne: Dialogue of Space and Form""

Dear friends, we are pleased to invite you on November 8 to the next chamber lecture.",11/08/2022,18:00
28,"Friends ! While the weather is fine and there is still an opportunity to dance outdoors, we invite you to dance Argentine tango at the BRAVA milonga on Saturday November 5 in the very center of Budva - on the terrace of the Fontana - Hotel&Gastronomy hotel!
The musical mood of this evening will be created by our guest - already familiar and beloved DJ DMarkoJ (Tivat)!
Time: 19.00-22.00
Entrance: 5 euro
Address : Slovenska Obala 23, Budva

â˜ï¸+382 69 283 757 (WhatsApp)",Budva,2,5 â‚¬,True,Friends !,11/05/2022,00:00
29,"Blue Cat - Art cafe-bar in the center of the old town of Budva!

30.10 this Sunday you will find live music and a 20% discount on the second cocktail from 20:00-22:00 ğŸ’ƒ

We invite everyone to look into this cozy placeğŸ’«.

Waiting for you:
- Good musicğŸ¶
- Nice and atmospheric environmentğŸ’ƒ
- Affectionate, local catsğŸˆâ€â¬›
- Exclusive COCKTAILS from the bartender!ğŸ¹

Our Instagram: bluecatartcafe",Budva,2,,False,Blue Cat - Art cafe-bar in the center of the old town of Budva!,11/13/2022,20:00
30,"ğŸ‡²ğŸ‡ª We continue to introduce you to the musicians of Tantra Brothers PartyğŸ”¥

ğŸ§ Immediately after the Tantra Brothers concert, Anja Haotika will pick up the vibe

A high listening ear and years of clubbing have formed a taste for music that wants to be shared. Anya's sets rarely do without experiments: she easily mixes styles and trends, but at the same time you will always recognize her sound in dark disco, tech house, electro streams.
This night, this Siberian girl will delight us with such musical styles as nu disco, tech&funky house ğŸ•º
Believe me, no one will sit in front of her dance set this night ğŸ¤©

ğŸ“Waiting for you 29.10 at 21:00, Budva, Torch club.
Entrance 10â‚¬

ğŸ·ï¸ buy a ticket
https://api.whatsapp.com/send?phone=79030175874",Budva,2,10 â‚¬,True,"ğŸ‡²ğŸ‡ª We continue to introduce you to the musicians of Tantra Brothers PartyğŸ”¥

ğŸ§ Immediately after the Tantra Brothers concert, Anja Haotika will pick up the vibe

A high listening ear and years of clubbing have formed a taste for music that wants to be shared.",11/29/2022,21:00
31,"ğŸ‡²ğŸ‡ª Alendar Alina is an IG/FB targetologist, marketer, contextualist with 5 years of experience.

I understand how difficult it is to find clients and buyers in a new place. Therefore, I decided to help businesses that moved to Montenegro.

I will teach you how to run ads on Instagram and Facebook on your own in one consultation. I will show you how to create and fully configure a turnkey advertising account. I will share life hacks for your business.

ğŸ’° Price: 20 euros - purely symbolic
ğŸ Dobra Voda, Montenegro. We can meet in person or call via Zoom.

Detailed program:
1) Creation of a turnkey advertising account
+ how to add members
+ how to link a card
+ how to create a company page on facebook
+ how to link an Instagram page
+ how to avoid blocking

2) The structure of the advertising cabinet
â€“ Iâ€™ll tell you what a campaign, group, ad is
- Let's take a closer look at the settings within each block
â€” We will share life hacks on effective advertising that will suit your business

If interested - write to the PM. I will send you a brief where you will answer questions about your business and receive gifts that will help you make a successful advertising launch!",Kotor,7,20 â‚¬,True,"ğŸ‡²ğŸ‡ª Alendar Alina is an IG/FB targetologist, marketer, contextualist with 5 years of experience.",11/05/2022,00:00
32,"ğŸ‡²ğŸ‡ª SUNDAY at the CLUB å…€
ğŸ‘»ğŸƒğŸ‘»â•October 30

ARTEL 12:00
Art workshop, creative processes.
ğŸƒğŸƒğŸƒPumpkinsğŸƒğŸƒğŸƒ
We prepare decor items for decorating the house. On the eve of the holiday, we are going to an art party to create funny or terrible pumpkin characters.

Participation - 10 euros. Event 8+
Duration about 2 hours.
Music, tea, cookies

ğŸ‘»ğŸ‘»ğŸ‘»
Star Landmarks 17:00
Another meeting from the cycle ""Wheel of the Year"".

We invite you to celebrate with like-minded people the Celtic New Year - Samhain (modern Halloween), one of the most mystical and mysterious holidays of the wheel of the year, when the border between the two worlds becomes thinner and anything is possible...
Layer by layer, we will analyze the symbols of the holiday... let's create an exciting fairy tale with Tarot cards, in which each participant will go through their own storyline and take out a valuable treasure for themselves - the key to rebirth ğŸ”‘

Participation - 10 euros, by appointment, 15 euros - on the day of the event

Posted by: @kiselevastudio
Becici, Acacia, CLUB å…€
SUNDAY",Kotor,4,10 â‚¬,True,"ğŸ‡²ğŸ‡ª SUNDAY at the CLUB å…€
ğŸ‘»ğŸƒğŸ‘»â•October 30

ARTEL 12:00
Art workshop, creative processes.",11/13/2022,12:00
33,"BUDVA ğŸ‡²ğŸ‡ª

ART PARTY ğŸƒ halloween

We offer stylish creative and beautiful time ğŸ˜ˆ.

Program :

ğŸ”¥ 3 hours of creative reboot awaits you at the PERLA restaurant, a cozy company, gifts from us ğŸ

ğŸ”¥ Professional canvases, all material, inventory, creative paintings!

ğŸ”¥ A glass of wine and snacks from the restaurant!

ğŸ”¥ Professional photographer!

ğŸ“October 30 - SUNDAY, starting at 14:00!
ğŸ“Price 55 â‚¬, all inclusive!
ğŸ“No experience or skills needed, everyone can do it! We have a large selection of different paintings for you ğŸ‘Œ

WAITING FOR YOU ğŸ¥³

Telegram : @art_mont

Instagram : http://instagram.com/ru_art_monte",Budva,4,55 â‚¬,True,"BUDVA ğŸ‡²ğŸ‡ª

ART PARTY ğŸƒ halloween

We offer stylish creative and beautiful time ğŸ˜ˆ.",11/13/2022,14:00
34,"BRAINS QUIZ - First Flight
Intellectual battle in a pleasant atmosphere
28 of October. Friday.

Brains Quiz is when you:

- Spend time with friends.
Today you are a team and you are fighting in an intellectual battle with other teams. Long live brainstorming!

- All evening answering questions. And not because you were called to the board: for the correct answers you get points that can bring victory!

- Learn a lot of new things.
We have collected all the most interesting from various spheres of life! Questions on logic, erudition, cinema, games, music - we are not limited by the format.

Gather a team of 3 to 5 people, take a good mood with you and come to us. Habituation guaranteed!

To register for the quiz, send the name of the team and the number of participants.

28.10.2022
Battle start time: 20:00
Duration: 2 hours
Cost: 5â‚¬ per participant
@BrainsQuiz entry

Location: Club å…€ (Becici, Acacia, floor upstairs, 3å…€)",Kotor,7,5 â‚¬,True,"BRAINS QUIZ - First Flight
Intellectual battle in a pleasant atmosphere
28 of October.",10/28/2022,00:00
35,"Dear friends, I am glad to invite you to a master class on painting Halloween-themed gingerbread in Budva.
We will write with you 6 gingerbread cookies of different colors, learn how to make two types of icing, play board games while your masterpieces dry and drink delicious, fragrant tea. The duration of the master class is 2-2.5 hours, adults and children from 4 years old are invited!)
ğŸ’“I will be very glad to youğŸ’“
ğŸ’°ğŸ’¶ğŸ’° The cost of participation is 10 euros.
Phone for registration +38269512110",Budva,3,10 â‚¬,True,"Dear friends, I am glad to invite you to a master class on painting Halloween-themed gingerbread in Budva.",11/06/2022,00:00
36,"We are waiting for schoolchildren and their parents at an open lesson on cybersecurity at the Russian Center in Podgorica!
Just about the complex ğŸ¤©ğŸ¤©ğŸ¤©
The team of the School of Programming and Robotics will tell you how to keep children safe in the cyber environment and what is needed to improve their digital literacy.
It will also instruct about the correct behavior on the network, introduce the tools for controlling children in the information space and answer all the questions of parents.

ğŸ“Œ Date and time: November 5 at 12:00

ğŸ“ Venue:
Podgorica, st. Moscow, 67

ğŸ– Admission is free. Registration is required, places are limited.
Tel.: 068 890 525 (Viber, What's App, Telegram)

The program is designed for children 7+",Podgorica,1,,False,We are waiting for schoolchildren and their parents at an open lesson on cybersecurity at the Russian Center in Podgorica!,,
37,"ğŸ‡²ğŸ‡ª In honor of the Day of the Municipality of Herceg Novi on October 28 [will be held] (https://bokanews.me/bogat-program-za-dan-opstine-herceg-novi-28-oktobar/) a parade of urban music and majorettes in the city center.

[Montenegro-News](https://t.me/VillaEdelweissMontenegro)",Herceg Novi,,,False,ğŸ‡²ğŸ‡ª In honor of the Day of the Municipality of Herceg Novi on October 28 [will be held] (https://bokanews.me/bogat-program-za-dan-opstine-herceg-novi-28-oktobar/) a parade of urban music and majorettes in the city center.,10/28/2022,00:00
38,"We invite the youngest viewers with their parents to a performance in the ""baby theater"" genre called ""Sea Story"".
This is a special genre for special audiences. A child, at this particular age (1-3 years), first encounters such an art form as theater. And it is very important to introduce him to this new world for him: the world of images, sensations, atmosphere and magic!
The performance will take place on October 29 at 11:00.
Address: Budva, Zavala, Harmonia by Dukley hotel
Price: 10e (child + adult).
Duration: 30-40 min.
Booking tickets by phone. +38269740077 (WA, Vib, Tel)",Budva,4,,False,"We invite the youngest viewers with their parents to a performance in the ""baby theater"" genre called ""Sea Story"".",10/29/2022,11:00
39,"We open the winter season of field role-playing games in Budva!

INFORMATION

""Petersburg fairy tales. House on the edge of the forest"" will be held on the eve of Samhain:

29.10.2022

* 17:00 gathering of guests
* 18:00 game start
* 00:00 post-game communication and celebration

Number of players: 15+

Participation: 5â‚¬

ABOUT FAIRY TALES

PRI is based on the cycle of urban legends ""Petersburg Tales"" and the tabletop role-playing game of the same name.

REGULATIONS
https://telegra.ph/PRI-Peterburgskie-skazki-Dom-na-krayu-lesa-10-10

Sign up for the game: @LARPdarkFairytales_bot",Budva,,5 â‚¬,True,We open the winter season of field role-playing games in Budva!,11/13/2022,17:00
40,"ğŸ‡²ğŸ‡ª This Saturday, a mystical and a bit scary action for All Saints' Day will take place. A very pretty little witch and her black cat will make a dunk punch for the dear guests. It will be awesome fun!

This is the night when you can transform into your favorite movie, anime, game character and have a blast. It's time to prepare the costumes!

Participate in full immersion - hellish dances and all that or watch the bar and, without clinking glasses, drink to ""everything is ashes"", the choice is yours.

When? 29.10 Saturday at 19.00
Where? Herceg Novi, Jadran https://maps.app.goo.gl/sEWGo2nc3UmtKKtR9
Who? 16+
How? 10â‚¬ with costume and 15â‚¬ without

Hurry up to sign up @allrighthome",Bar,,10 â‚¬,True,"ğŸ‡²ğŸ‡ª This Saturday, a mystical and a bit scary action for All Saints' Day will take place.",11/19/2022,00:00
41,"ğŸ‡²ğŸ‡ª We invite everyone to the opening of the Startup Factory project!

October 28 (Friday) at 18:00 in the new coworking IT Branch House, located in the Tre Canne building, Budva. Admission is free, everyone is welcome!

Read more here: https://www.notion.so/Startup-Factory-ce2968322f744e179936decd07d67a73

We will introduce the organizers, tell you more about the conditions of the event, answer questions, register participants and projects for the first season of Startup Factory.

Also, you can still:

- Register to participate as an expert;

- Offer your assistance in organizing additional events, master classes, promotional events and activities within the Startup Factory;

- Become a sponsor or observer from partner companies.

We are waiting for you and your friends, it will be fun!",Budva,4,,False,ğŸ‡²ğŸ‡ª We invite everyone to the opening of the Startup Factory project!,11/13/2022,18:00
42,"October 29 in Podrum PristaniÅ¡te, at 16:00, the action ""Return of Names"" will begin in Montenegro.

On the eve of the Day of Remembrance of Victims of Political Repressions, the â€œReturn of Namesâ€ campaign is held throughout Russia and abroad every year.

The whole day, replacing each other, people read the names of the repressed - first name, patronymic, last name, age, profession, sentence.

The action was conceived in the Memorial Society, which recently received the Nobel Peace Prize, but from the very beginning and to this day, it has been held by volunteers in many cities.

2022 is the year of a new catastrophe and new victims. However, we are sure that ""The Return of Names"" has a meaning even today.

After all, this action reminds of the most important, unconditional principle: there is nothing more valuable than human life, which means that the state has no right to kill people. Neither in 1937 nor in 2022. And the more people agree with this, the more likely it is that the catastrophe will be stopped and prevented in the future.

In this regard, we invite you on October 29 to Podrum PristaniÅ¡te, where at 16:00 the â€œReturn of Namesâ€ action in Montenegro will begin.

Event: https://fb.me/e/2ZHgjNS7K

We will read out the names of people who were repressed in the Soviet Union, but who had something to do with Yugoslavia. At the same time, according to tradition, each participant in the action, in addition to the name given to him / her, can also read out the names of their relatives and friends who suffered during the terror.",,,,False,"October 29 in Podrum PristaniÅ¡te, at 16:00, the action ""Return of Names"" will begin in Montenegro.",11/13/2022,16:00
43,"Boou!! ğŸ‘»
HALLOWEEN PARTY in Ruzmarin ğŸƒ

The most merry of all terrible and the most terrible of all merry holidays in the world is approaching!
It's HALLOWEEN PARTY friends! â¤ï¸â€ğŸ”¥
On October 30, Ruzmarin restaurant will turn into a real witch's house for one night.
It will be overgrown with cobwebs, pumpkins, bats and all the most terrible that you can imagine.

This evening you will find:

ğŸƒwelcome-drink, for all guests in themed costumes
ğŸƒ area with face painting (will be waiting for you from 19:00)
ğŸƒThematic compliment from the chef
ğŸƒExtremely delicious cocktails
ğŸƒKaraoke, dancing and fun
ğŸƒInsidious Contests

A party for everyone who knows a lot about fun to the point of horror!
Table reservations:
WA (+382) 68 06 07 07 ğŸŒ¿
Budva, Tre Canne",Budva,2,,False,Boou!!,11/13/2022,19:00
44,"Art lecture ""Henri Matisse: the power of color""

On November 1, we invite you to an atmospheric lecture over a glass ğŸ· at the Jadran restaurant

During the lecture we will discuss:
ğŸ¨What is Fauvism and why did Matisse's painting change the art of the 20th century?
ğŸ¨How love stories and Matisse's work are connected.
ğŸ¨Why did the lawyer Matisse decide to change his profession?

ğŸ“ Speaker: Sofya Aksenova, art critic, graduate of Moscow State University, researcher at the Tretyakov Gallery
ğŸ“ Location: Jadran restaurant in Herceg Novi
â° When: November 1 at 19:00
ğŸ’¶ Participation fee: 15â‚¬
(We treat all guests with drinks of their choice)

ğŸ’Œ Seats are limited!
Pre-registration required: TG @Anna_Goncharova365, or Whats App number
+380978662612

See you on a date with art ğŸ¥‚",Herceg Novi,9,15 â‚¬,True,"Art lecture ""Henri Matisse: the power of color""

On November 1, we invite you to an atmospheric lecture over a glass ğŸ· at the Jadran restaurant

During the lecture we will discuss:
ğŸ¨What is Fauvism and why did Matisse's painting change the art of the 20th century?",11/01/2022,19:00
45,"ğŸ‡²ğŸ‡ª 28.10 at 18:00 we invite you to a KARAOKE PARTY in the style of ""HALLOWEEN"". At the party you will find your favorite songs, contests and prizes. It will be fun, come and have a holiday in a beautiful place and a fun company ğŸ˜ We are waiting for you at the X atelier restaurant, BUDVA Zrtva Fasizma 13. Tel +38269195787",Budva,2,,False,"ğŸ‡²ğŸ‡ª 28.10 at 18:00 we invite you to a KARAOKE PARTY in the style of ""HALLOWEEN"".",11/28/2022,18:00
46,"Blue Cat - Art cafe-bar in the heart of the old town of Budva with a beautiful view.

We invite everyone to look into this cozy placeğŸ’«.

Waiting for you:
- Good musicğŸ¶
- Nice and atmospheric environmentğŸ’ƒ
- Affectionate, local catsğŸˆâ€â¬›
- Exclusive COCKTAILS from the bartender!ğŸ¹

We work for you every day from 14:00 to 00:00 on weekends, on weekdays until 23:00.

On Friday 28.10 there is a promotion: from 21:00 to 22:00 - 20% for the second cocktail per person.

Talk to the waiter about the action!

Our Instagram: https://instagram.com/bluecatartcafe?igshid=YmMyMTA2M2Y=",Budva,2,,False,Blue Cat - Art cafe-bar in the heart of the old town of Budva with a beautiful view.,11/13/2022,14:00
47,"October 30, 2022
AT 18:00
At the CIC of Moscow in Podgorica
(Moskovskaya 67),

Nadezhda Artamonova (violin)
and Alexei Kurbatov (composer, pianist)
will perform with the program ""Emigrant Composers""

Music in exile. What is she? How did the composers feel, forced to leave their homeland and build their lives in a new place? Which of them was happy and successful in a foreign land, and who returned to his native country? Do contemporary emigrants write music?

The program includes works by Rachmaninov, Prokofiev, Medtner, Stravinsky, as well as music written a few months ago right here in Montenegro!

Seat reservation by phone +38267443799",Podgorica,4,,False,"October 30, 2022
AT 18:00
At the CIC of Moscow in Podgorica
(Moskovskaya 67),

Nadezhda Artamonova (violin)
and Alexei Kurbatov (composer, pianist)
will perform with the program ""Emigrant Composers""

Music in exile.",10/30/2022,18:00
48,"ğŸAutumn tour to Durmitor mountains.
We are going to the Mountains to enjoy the golden autumn, in a comfortable minibus, with a professional photographer, and therefore photo shoots! We are waiting for the incredible beauty of the Durmitor National Park with visits to interesting places along the way: the canyon of the Moraca River, the bridge of Dzhurdzhevich, Zabljak, the Black Lake, Cape Churevac (Ä†urevac), and of course that amazing mountain road to Lake Piva, which is breathtaking.

This tour will be remembered for a lifetime, it will help you reboot and get a boost of energy! We will spend the evenings in a pleasant atmosphere, playing board games, socializing, campfire, music, listening to the enchanting melodies of space hang.
Throughout the tour we will have a photo-videographer with a drone.

The tour includes:

ğŸï¸ Visit amazing places
ğŸ¡ Accommodation in a cozy house with mountain views
ğŸ¥­ Healthy breakfasts
ğŸ“¸ Photo and video shooting for the tour participants and memorable shots from the trip.

Tour cost: 100 euros for 3 days of adventure. Children discount.

Details and entry: @vital_travel",Kotor,7,100 â‚¬,True,ğŸAutumn tour to Durmitor mountains.,,
49,"We invite children from 4 to 7 years old and their parents to the play ""Looking for Friends"". A puppet show about how bad it is to be alone and how important it is to have friends.
October 23, at 11:00.
Address: Budva, Zavala, Harmonia by Dukley hotel
Price: 15e (child + adult)
Duration 50 min.
Compulsory booking by phone. +38269740077 (WA, Vib, Tel)",Budva,4,,False,"We invite children from 4 to 7 years old and their parents to the play ""Looking for Friends"".",10/23/2022,11:00
50,"Open heArt Studio invites you to a warm evening in the company of the Two Yegors group and Ekaterina Yashnikova.

""Dva Egora"" (https://instagram.com/dva_egora) is a fireworks group that can make you laugh at your extra pounds and cry, feeling how other people's memories are woven into your own life, reminding you of the mistakes of the past. The harmony of acoustic guitar, flute and velvety voice, insinuatingly singing about such a simple and understandable.

Ekaterina Yashnikova (https://instagram.com/kanokayanshi) is a girl with a guitar and huge ambitions, whose ironic and tender songs are quoted on the Internet and help to warm up on especially cold nights. Her concerts are always an atmosphere of home comfort, which you want to return to, because you know that you are welcome here, and everything that is sung in the songs is also about you.

Their joint concert promises to be warm, emotional and honest. Come see.)

ğŸ“Saturday, November 5, 20:00
Art Studio ""Open HeArt""
Entrance: 10â‚¬

Buy tickets in advance from @liya_flow",Bar,4,10 â‚¬,True,Open heArt Studio invites you to a warm evening in the company of the Two Yegors group and Ekaterina Yashnikova.,11/05/2022,20:00
51,"On October 24-28, the Adriatic CRAFT Center for Additional Education will hold a creative Craft Camp for two groups of 7-11 and 12-17 years old.

The camp will be held in partnership with the Hip-Hop Academy - so all participants will be able to improve their skills in graffiti and street art, and the younger group will do breaking daily in the morning.

Children from the senior group will get acquainted with creative professions and, if desired, will be able to stay on the royal night - an unforgettable party with an overnight stay at school.

Details and registration:

https://forms.gle/F92FVXyx1i3rzrWJA - senior group

https://forms.gle/HDk5e5BFYQaazW4b8 - junior group

contacts @ekaterinashmeleva1 (tg), +382068755452",,4,,False,"On October 24-28, the Adriatic CRAFT Center for Additional Education will hold a creative Craft Camp for two groups of 7-11 and 12-17 years old.",,
52,"This Saturday we are again looking for the mafia in the restaurant ATOS 2.0 | Budva

Host - @TavernaDraga
Reservation - @strelchinin

Start at 19:00
Entry 10â‚¬
Drink as a gift

Come, it will be very atmospheric!

Reserve, map and menu - https://taplink.cc/restaurant_atos
___________________________

ğŸ“ Budva, Mainski put 67- Restaurant ""ATOS 2.0""",Budva,4,10 â‚¬,True,"This Saturday we are again looking for the mafia in the restaurant ATOS 2.0 | Budva

Host - @TavernaDraga
Reservation - @strelchinin

Start at 19:00
Entry 10â‚¬
Drink as a gift

Come, it will be very atmospheric!",11/13/2022,19:00
53,FRIDAY KARAOKE PARTY is waiting for you from 19:00 in the restaurant X atelier BUDVA Zrtva Fasizma 13 Tel +38269195787,Budva,2,,False,FRIDAY KARAOKE PARTY is waiting for you from 19:00 in the restaurant X atelier BUDVA Zrtva Fasizma 13 Tel +38269195787,11/13/2022,19:00
54,"BUDVA ğŸ‡²ğŸ‡ª

ART - PARTY ğŸ‰

Would you like to spend your Sunday in style and interesting? Then you to us ğŸ˜‰. We invite you to ART PARTYğŸ‰

Program :

ğŸ”¥ You are waiting for 3 hours of creative reboot in the restaurant, cozy company, stylish rest!

ğŸ”¥ Professional canvases, all material, inventory! We will use GOLD and a palette knife!

ğŸ”¥ A glass of wine and snacks from the restaurant!

ğŸ”¥ Professional photographer!

ğŸ“October 23 - SUNDAY, starting at 14:00!
ğŸ“Price 55 â‚¬, all inclusive!
ğŸ“No experience or skills needed, everyone can do it! We have a large selection of different paintings for you ğŸ‘Œ

WAITING FOR YOU ğŸ¥³

Telegram : @art_mont

Instagram : http://instagram.com/ru_art_monte",Budva,4,55 â‚¬,True,"BUDVA ğŸ‡²ğŸ‡ª

ART - PARTY ğŸ‰

Would you like to spend your Sunday in style and interesting?",11/13/2022,14:00
55,"On Saturday there will be a transformational game of self-discovery Leela Chakra, where you can connect with yourself, your subconsciousğŸ¦‹

During the game, you will literally see how to achieve your goal and desire, and what is in the way. The clarity â€œin which sphere to move? how to increase income? how to create a harmonious relationship? how to find yourself? how to scale a business? and others

ğŸ“Budva, location to be confirmed
â° 13:00

Who leads:
Basistova Victoria, energy coach, author of transformational programs, author of the quest ""laboratory of sensitivity"", cosmoenergy, ICF coach, conducted more than 200 Leela games

Write to private messagesğŸ•Š @vitch369",Budva,3,,False,"On Saturday there will be a transformational game of self-discovery Leela Chakra, where you can connect with yourself, your subconsciousğŸ¦‹

During the game, you will literally see how to achieve your goal and desire, and what is in the way.",11/13/2022,13:00
56,"On October 29, Lume and Oak Leaf Residences change the rules of traditional Halloween and create an amazing mystical journey ""Mystery Of Montenegro"" in the heart of the Budva Riviera. Guests will have at their disposal part of Oak Leaf Residences, a five-star hotel consisting of five luxurious deluxe sea-view villas with private pools and spacious outdoor areas that offer stunning panoramic views of the entire Budva Riviera and mountain range.

Everything is hidden under the mask of ""intrigue"", but it is known for sure that we have three locations at our disposal, with an impressive panoramic view of the Adriatic, a unique natural landscape, where we will meet the sunset together with bright musical sets and immerse ourselves in the night atmosphere of our ball - Mystery of Montenegro .

Get your masks ready, ladies and gentlemen.

Dress code: masquarade

See @elinaabell or www.oakleafhalloween.com for details.",Budva,2,,False,"On October 29, Lume and Oak Leaf Residences change the rules of traditional Halloween and create an amazing mystical journey ""Mystery Of Montenegro"" in the heart of the Budva Riviera.",10/29/2022,00:00
57,"We open the winter season of field role-playing games in Budva!

INFORMATION

""Petersburg fairy tales. House on the edge of the forest"" will be held on the eve of Samhain:

29.10.2022

* 17:00 gathering of guests
* 18:00 game start
* 00:00 post-game communication and celebration

Number of players: 15+

Participation: 5â‚¬

ABOUT FAIRY TALES

PRI is based on the cycle of urban legends ""Petersburg Tales"" and the tabletop role-playing game of the same name.

REGULATIONS
https://telegra.ph/PRI-Peterburgskie-skazki-Dom-na-krayu-lesa-10-10

Sign up for the game: @LARPdarkFairytales_bot",Budva,,5 â‚¬,True,We open the winter season of field role-playing games in Budva!,11/13/2022,17:00
58,"ğŸ“£ We invite you to Podrum PristaniÅ¡te, where the concert of Sansara will take place on October 21!

ğŸ”¹ Sansara have released over a dozen albums ranging from indie rock to spoken word.

ğŸ”¹Their tracks are featured in the soundtracks of popular films (â€œArrhythmiaâ€), and their videos receive awards at international festivals (Cannes Lions 2022, London International Awards 2022, UK Music Video Awards 2022)

ğŸ—“ When: October 21 at 19:00
ğŸ“ Where: Podrum PristaniÅ¡te, Tivat
https://goo.gl/maps/FJgx5pTdKuMNN2aGA

ğŸ“Œ Charitable contribution of 20 euros
Pre-registration - 15 euros!

ğŸ”» You can register ğŸ”»
link: https://pristaniste.timepad.ru/event/2202113/
or
by phone +382 68 585 485

Part of the funds raised at the concert will be used to help refugees and IDPs in PristaniÅ¡te ğŸ’›
We are waiting for you in Podrum this Friday!",Tivat,0,20 â‚¬,True,"ğŸ“£ We invite you to Podrum PristaniÅ¡te, where the concert of Sansara will take place on October 21!",10/21/2022,19:00
59,"ğŸ‡²ğŸ‡ª Exhibition of Montenegrin sculpture by Ina Martinovic **Shaping thoughts **[opens](https://rtcg.me/kultura/kulturna-galaksija/382142/izlozba-skulptura-ine-martinovic-od-sjutra-u-petrovcu.html ) tomorrow, at 19:00, at the Red Commune Memorial Hall in Petrovac.

[Montenegro-News](https://t.me/VillaEdelweissMontenegro)",,7,,False,"ğŸ‡²ğŸ‡ª Exhibition of Montenegrin sculpture by Ina Martinovic **Shaping thoughts **[opens](https://rtcg.me/kultura/kulturna-galaksija/382142/izlozba-skulptura-ine-martinovic-od-sjutra-u-petrovcu.html ) tomorrow, at 19:00, at the Red Commune Memorial Hall in Petrovac.",11/13/2022,19:00
60,"On October 29, Lume and Oak Leaf Residences change the rules of traditional Halloween and create an amazing mystical journey ""Mystery Of Montenegro"" in the heart of the Budva Riviera. Guests will have at their disposal part of Oak Leaf Residences, a five-star hotel consisting of five luxurious deluxe sea-view villas with private pools and spacious outdoor areas that offer stunning panoramic views of the entire Budva Riviera and mountain range.

Everything is hidden under the mask of ""intrigue"", but it is known for sure that we have three locations at our disposal, with an impressive panoramic view of the Adriatic, a unique natural landscape, where we will meet the sunset together with bright musical sets and immerse ourselves in the night atmosphere of our ball - Mystery of Montenegro .

Get your masks ready, ladies and gentlemen.

Dress code: masquarade

See @elinaabell for details",Budva,2,,False,"On October 29, Lume and Oak Leaf Residences change the rules of traditional Halloween and create an amazing mystical journey ""Mystery Of Montenegro"" in the heart of the Budva Riviera.",10/29/2022,00:00
61,"Additional concert by Denis Alien!

Budva! 05.11.22
Gathering of guests 22.30

Due to the sold-outs, we are happy to announce an additional Show in Budva!

Link to tickets https://www.tixcom.de/?module=event&id=988

Subscribe to https://t.me/StandUpMontenegro
to stay up to date with our Events!

As you know, it is better to buy tickets in advance! They may end again",Budva,2,,False,Additional concert by Denis Alien!,05/11/2022,00:00
62,"On October 29, Lume and Oak Leaf Residences change the rules of traditional Halloween and create an amazing mystical journey ""Mystery Of Montenegro"" in the heart of the Budva Riviera. Guests will have at their disposal part of Oak Leaf Residences, a five-star hotel consisting of five luxurious deluxe sea-view villas with private pools and spacious outdoor areas that offer stunning panoramic views of the entire Budva Riviera and mountain range.

Everything is hidden under the mask of ""intrigue"", but it is known for sure that we have three locations at our disposal, with an impressive panoramic view of the Adriatic, a unique natural landscape, where we will meet the sunset together with bright musical sets and immerse ourselves in the night atmosphere of our ball - Mystery of Montenegro .

Get your masks ready, ladies and gentlemen.

Dress code: masquarade

See @elinaabell for details",Budva,2,,False,"On October 29, Lume and Oak Leaf Residences change the rules of traditional Halloween and create an amazing mystical journey ""Mystery Of Montenegro"" in the heart of the Budva Riviera.",10/29/2022,00:00
63,"BUDVA ğŸ‡²ğŸ‡ª

ART - PARTY ğŸ‰

Would you like to spend your Sunday in style and interesting? Then you to us ğŸ˜‰. We invite you to ART PARTYğŸ‰

Program :

ğŸ”¥ You are waiting for 3 hours of creative reboot in the restaurant, cozy company, stylish rest!

ğŸ”¥ Professional canvases, all material, inventory! We will use GOLD and a palette knife!

ğŸ”¥ A glass of wine and snacks from the restaurant!

ğŸ”¥ Professional photographer!

ğŸ“ October 16 - SUNDAY, starting at 14:00!
ğŸ“Price 55 â‚¬, all inclusive!
ğŸ“No experience or skills needed, everyone can do it!

WAITING FOR YOU ğŸ¥³

Telegram : @art_mont

Instagram : http://instagram.com/ru_art_monte",Budva,4,55 â‚¬,True,"BUDVA ğŸ‡²ğŸ‡ª

ART - PARTY ğŸ‰

Would you like to spend your Sunday in style and interesting?",11/13/2022,14:00
64,"ğŸ‡¬ğŸ‡ºğŸ‡·ğŸ‡¸ğŸ‡ºğŸ‡¦ In the capital of Serbia, Belgrade, **November 20**, there will be a free private screening of the film in Russian [**Trauma of a witness.](https://www.tayaclass.me/trauma)**

This film is about people who flee from military Russia and fight for a new future - without a tyrant, wars and fear of being put behind bars because you don't want to go to kill for a bloody regime. With the start of the war, many Russians cannot stop feeling pain and involvement in Russian aggression.

The heroes of this film - Yulia, Kirill, Ilya, Inna, Alevtina - were also forced to flee, despite the fact that their lives were firmly connected with Russia. Each of them, risking never to return to Russia again, talks about big obstacles and small but bold steps through them - into a new life.

Get an invitation ticket to the show in Belgrade [you can follow this link.] (https://tayadream.timepad.ru/event/2197450/)

Watch [movie on YouTube](https://www.youtube.com/watch?v=1gc6adoQgYY)

[Montenegro-News](https://t.me/VillaEdelweissMontenegro)",Kotor,,,False,"ğŸ‡¬ğŸ‡ºğŸ‡·ğŸ‡¸ğŸ‡ºğŸ‡¦ In the capital of Serbia, Belgrade, **November 20**, there will be a free private screening of the film in Russian [**Trauma of a witness.",11/20/2022,00:00
65,"This Saturday we are again looking for the mafia in the restaurant ATOS 2.0 | Budva

Host - @TavernaDraga
Reservation - @strelchinin

Start at 19:00
Entry 10â‚¬
Drink as a gift

Come, it will be very atmospheric!

Reserve, map and menu - https://taplink.cc/restaurant_atos
___________________________

ğŸ“ Budva, Mainski put 67- Restaurant ""ATOS 2.0""",Budva,4,10 â‚¬,True,"This Saturday we are again looking for the mafia in the restaurant ATOS 2.0 | Budva

Host - @TavernaDraga
Reservation - @strelchinin

Start at 19:00
Entry 10â‚¬
Drink as a gift

Come, it will be very atmospheric!",11/13/2022,19:00
66,"Perfect Saturday Leisure - SUP trip to an oyster farm in Boka with the opportunity to see dolphins and sea turtles

""What a thrill! Why didn't I do this before?!""
""What, so it was possible?""
""A great start to the day with oysters and wine, and with such and such a view""

Here's what the participants of our SUP trips to the oyster farm in Boke say.

- Possible with children
- Suitable for beginners
- Fun, beautiful and delicious

The next trip is this Saturday at 13:00 from Orahovets. Book now

Registration through the form (https://supmonte.com/oysterfarm) on the site or in the group (http://t.me/supmonte) in tg",,,,False,"Perfect Saturday Leisure - SUP trip to an oyster farm in Boka with the opportunity to see dolphins and sea turtles

""What a thrill!",11/19/2022,13:00
67,"Gamarjoba, Georgian tea!

Not China alone, as they say ğŸ˜
Try something new and make a wish!
This Saturday, in the format of a tea ceremony, we will introduce you to our new Georgian teas

ğŸµ Green ""Gringold"" (Nepalese technology)
ğŸµ Kesane Honey Oolong
ğŸµ Gaba oolong Nagomari (anaerobic fermentation)
ğŸµ Red Gaba Tsiteli (anaerobic fermentation)
ğŸµ Bakhmaro, blueberry tea

Participation fee - 7 â‚¬

ğŸ“Saturday, October 15
ğŸ“Start at 18:00
ğŸ“Tea & Coffee House Budva
https://maps.app.goo.gl/mg8h2tLBj6mzmJZ86

â—ï¸ The number of places is limited, to register write to:

Telegram: @mujerarana
WhatsApp: +38269916393
https://www.instagram.com/teahousebudva",Budva,,7 â‚¬,True,"Gamarjoba, Georgian tea!",11/13/2022,18:00
68,"Ğ’ Ğ½Ğ°Ñ‡Ğ¸Ğ½Ğ°ÑÑ‰ĞµĞ¹ Ğ³Ñ€ÑƒĞ¿Ğ¿Ğµ ĞĞ Ğ“Ğ•ĞĞ¢Ğ˜ĞĞ¡ĞšĞĞ“Ğ Ğ¢ĞĞĞ“Ğ Ğ² [Budva-Tango-Club (Montenegro)](https://www.facebook.com/groups/270952820464078/?__cft__[0]=AZU4fFSZnATGAK2_Ahw4TVYAuRiaR5h2Mtn6GEk5qdQ0OZjS_9CTnbCxs97N9scQBXuUeEjRHF5Gjx54d6TpvD-qxHZRNeCvISGhMRz10cX8hV3Lh_1dUZHZvwyBH5cg33qxICC2gj1btD58yXOCSlbH&__tn__=-UK-R)Â Ğ¾Ğ¿ÑÑ‚ÑŒ Ğ½Ğµ Ñ…Ğ²Ğ°Ñ‚Ğ°ĞµÑ‚ Ğ¼ÑƒĞ¶Ñ‡Ğ¸Ğ½ ! - We have new partners - lovely wonderful capable girls, and an imbalance has arisen in the beginning group again! - Now we don't have enough men!!!ğŸ§”ğŸ§”â€ğŸ‘¦

We invite - we accept - we invite men to dance the Argentine tango!!! Tango is the warmth of hugs, mutual understanding and soulful music! A great tool for expanding the circle of communication, active pastime in a pleasant company!


â˜ï¸+38269283757 (WhatsApp)",Budva,4,,False,Ğ’ Ğ½Ğ°Ñ‡Ğ¸Ğ½Ğ°ÑÑ‰ĞµĞ¹ Ğ³Ñ€ÑƒĞ¿Ğ¿Ğµ ĞĞ Ğ“Ğ•ĞĞ¢Ğ˜ĞĞ¡ĞšĞĞ“Ğ Ğ¢ĞĞĞ“Ğ Ğ² [Budva-Tango-Club (Montenegro)](https://www.facebook.com/groups/270952820464078/?__cft__[0]=AZU4fFSZnATGAK2_Ahw4TVYAuRiaR5h2Mtn6GEk5qdQ0OZjS_9CTnbCxs97N9scQBXuUeEjRHF5Gjx54d6TpvD-qxHZRNeCvISGhMRz10cX8hV3Lh_1dUZHZvwyBH5cg33qxICC2gj1btD58yXOCSlbH&__tn__=-UK-R)Â Ğ¾Ğ¿ÑÑ‚ÑŒ Ğ½Ğµ Ñ…Ğ²Ğ°Ñ‚Ğ°ĞµÑ‚ Ğ¼ÑƒĞ¶Ñ‡Ğ¸Ğ½ !,,
69,"Summer and holidays are over, but the sun, warmth and cultural creative evenings in Lightland Park, a magical light parkğŸ¤—, have not ended.
And on 15.10 it will be filled with the sounds of the SAXOPHONE.
There are very few saxophonists in Montenegro. I don't know if there is a saxophone class in some music school. And I really wanted this wonderful instrument to sound in the park too, complementing it with its ""singing"".
I donâ€™t know exactly what compositions Anton Melnikov prepared for us, but Iâ€™m sure it will be greatğŸ¤—.
In the program smooth jazz, sax ballads, evergreens, pop-rock.
Anton is a member of musical projects Dzinko, Tantra Brothers, Jah division Balkan, Montenegro Symphony Orchestra.
We wait! Welcome arrived!
Beginning at 18-30.
Entrance to the park for adults from 17-00 to 20-00-10, taking into account the event (you can listen to the saxophone and warm yourself with mulled wine with fragrant spices, and, of course, relax and take a walk in the park). For children from 7 years old also 5 e.
@Helen_Prof
https://maps.app.goo.gl/SNrvFgQAWb4QN4Dw7",,7,,False,"Summer and holidays are over, but the sun, warmth and cultural creative evenings in Lightland Park, a magical light parkğŸ¤—, have not ended.",11/13/2022,00:00
70,"If you feel that moving is difficult for you, I invite you to my events as part of a psychological conference this weekend in Budva at the Splendid Hotel.

ğŸŒ¿ October 15, Saturday, 18:30:
The Tree of Life is an art-narrative practice that allows you to update everything that can support you in a difficult period, strengthen your resource state and internal supports.

ğŸŒ¿ October 17, Monday, 16:00:
Adaptation to emigration and PTSD - what can complicate and what can help in this process.

ğŸŒ¿ Admission is free, just come support yourself.

The rest of the conference events can be viewed in the schedule at https://dobromore.eu/ru/node/53",Budva,4,,False,"If you feel that moving is difficult for you, I invite you to my events as part of a psychological conference this weekend in Budva at the Splendid Hotel.",10/15/2022,18:30
71,"ğŸ‡²ğŸ‡ª ENGLISH SPEAKING CLUB ğŸ‡ºğŸ‡¸ğŸ‡¬ğŸ‡§ğŸ”¥
!THURSDAY!(10/12)
Budva
Participation 10â‚¬
I invite you to my conversation club, which will take place on Thursday at 18:00
Studio ""House of the Sun"" (I will throw off the location)
For those, who:
understands everything but cannot speak
-has a language barrier
- want to improve their speech
-expand vocabulary

About me: Victoria, translator of 3 foreign languages â€‹â€‹and English teacher, for 9 years my students have been entering the best foreign universities and getting jobs in international companiesğŸ”¥

If you want to finally talk, come â¤ï¸

Pre-registration âœ…

Recording â¬‡ï¸

@anastasia_millers",Budva,,10 â‚¬,True,"ğŸ‡²ğŸ‡ª ENGLISH SPEAKING CLUB ğŸ‡ºğŸ‡¸ğŸ‡¬ğŸ‡§ğŸ”¥
!THURSDAY!",11/17/2022,18:00
72,"Double concert at Podrum PristaniÅ¡te, Tivat â˜€ï¸

Friends, we invite you to enjoy a musical evening with us! On Saturday Podrum will host the duet ""Korolev Popova"" and jazz-noir one man band Anton Ripatti ğŸ”

ğŸ”¹""Korolyov Popova"" is a duet of Vadik Korolyov from OQJAV and minimalist composer Zhenya Popova (accordion). Author's music and poetry with occasional inclusions of great French songs.

ğŸ”¹ Anton Ripatti is an itinerant jazz noir one man band, performer and experimenter. For this concert, he promises to forget all his electric instruments and lights in the car and appear as a songwriter.

ğŸ—“ When: October 15 at 19:00
ğŸ—¾ Where: Tivat, Podrum PristaniÅ¡te
https://goo.gl/maps/FJgx5pTdKuMNN2aGA

ğŸ“Œ Charitable donation: 15 euros

Limited number of seats.
ğŸ”»Pre-registration requiredğŸ”»
https://pristaniste.timepad.ru/event/2198813/

By visiting Podrum this evening, you will not only have a good time, but also help refugees affected by the war. Part of the funds raised at the event will be donated to the PristaniÅ¡te Foundation ğŸ’—

Invite your friends and come yourself! The evening promises to be eventful ğŸ¶",Tivat,2,15 â‚¬,True,"Double concert at Podrum PristaniÅ¡te, Tivat â˜€ï¸

Friends, we invite you to enjoy a musical evening with us!",10/15/2022,19:00
73,"We invite you to a master class on experimental and flexing ğŸ”¥
A dance meeting for an adult audience who wants to immerse themselves in these unusual and free styles will be held for you by Elena and Sergey - choreographers with more than 15 years of teaching experience ğŸ—ğŸ§˜â€â™€ï¸ğŸ¤¸â€â™‚ï¸
Experimental, this is emancipation, maximum immersion in the personal microcosm of each ğŸªğŸŒŸ
Flexing is an opportunity to understand the flexibility and elasticity of your body in the smooth rhythm of electronic music âœ¨ğŸª˜
âœ…Place: Bar, embankment, horseshoe building, dance hall on the second floor of the Sipa store
âœ…Time: October 14 (Friday), beginning at 20.15; duration 1.5 hours
âœ…Cost - 10 euros
We are waiting for all dance lovers, both beginners and pros!)
All additional information (viber, whatsapp, telegram) +38268446702",Bar,2,10 â‚¬,True,"We invite you to a master class on experimental and flexing ğŸ”¥
A dance meeting for an adult audience who wants to immerse themselves in these unusual and free styles will be held for you by Elena and Sergey - choreographers with more than 15 years of teaching experience ğŸ—ğŸ§˜â€â™€ï¸ğŸ¤¸â€â™‚ï¸
Experimental, this is emancipation, maximum immersion in the personal microcosm of each ğŸªğŸŒŸ
Flexing is an opportunity to understand the flexibility and elasticity of your body in the smooth rhythm of electronic music âœ¨ğŸª˜
âœ…Place: Bar, embankment, horseshoe building, dance hall on the second floor of the Sipa store
âœ…Time: October 14 (Friday), beginning at 20.15; duration 1.5 hours
âœ…Cost - 10 euros
We are waiting for all dance lovers, both beginners and pros!)",11/15/2022,00:00
74,"â•Regular events at the CLUB å…€
POSTER

ğŸ—£October 13 - conversational English club

The theme of the upcoming meeting is travel. Expected - stories of participants about their most impressive journey and joint viewing of photos from these places on the projector screen.
Start at 19:00. Participation - donation.

ğŸŒšOctober 14 - Animation Night

The KAIBA series is a psychedelic sci-fi, with alternative art, wrapped in a fairy tale plot. The viewing duration is about 4 hours, so there will be pu-erh, ""popcorn"" and the opportunity to reboot in the chill zone.
The Animation Club with @Nika_Vizard is going on vacation, everyone who wants to learn a little more (and Nika knows a lot of interesting things) in this genre is invited to the final session - Animation Night. Discussion and insights, exchange of impressions - after what they saw.
Start at 20:00, end at 00:00+
Participation - 7 euros
18+

Registration for @kiselevastudio events
ğŸ“Becici, Acacia",Becici,,7 â‚¬,True,"â•Regular events at the CLUB å…€
POSTER

ğŸ—£October 13 - conversational English club

The theme of the upcoming meeting is travel.",11/13/2022,19:00
75,"ğŸ‡²ğŸ‡ª Peace. Peace and happiness within.

What is needed for this?

I like the idea of â€‹â€‹constantly learning.
Feel like a student.
Here is this new reality - and you are a student again, learning to live in new realities.

I like studying every day.
I listen to scriptures for an hour a day, catch one thought from a complex text to think / practice today and voila - the happiness of learning for the whole day!

An early rise is a beautiful dawn, the morning energy of the day fills and puts everything in its place. Morning rituals are much more fun with audio recordings of scriptures. And politics has generally gone below the weather forecast) Why watch the weather forecast when you can just look out the window and see the sea, mountains and the sun!

We first found ourselves in this paradise 16 years ago. And they couldn't get away. They cut themselves off and came back again.

But what can you do in paradise? Just walk with a flute and sing) And in order not to get bored, we made the Game and Practice Center ""Happiness Inside"" in Ulcinj, where we invite guests to taste - how it is to live in paradise)

Some stay, some leave, only to come back later.)

Why are people so drawn to hell? Just force of habit and uncertainty, lack of strength to change something.

There is a habit out of habit)
And for me, these are retreats with my own way of life and sowing new habits)

The nearest retreat is a gaming one. Immersion in the spirit of the Game. Spirit of the Game. Beautiful, is not it?

Immerse yourself in the Spirit of the Game and emerge as a different person ğŸ™‚

The retreat will take place for a donation. For everyone.

Yes, and if you have children, you can also participate, as it will be held in parallel with the Robinsonade Family Game Program

We start October 15 - October 22.

Montenegro. Ultsin. www.zlataoliva.com/mampap",,4,,False,ğŸ‡²ğŸ‡ª Peace.,11/16/2022,00:00
76,"A birthday paper show is a great opportunity to do something that is practically inaccessible in ordinary life. Will mom allow paper to be scattered around the house or on the street? And build her tunnel or house from scraps? And where to get so much paper at the same time? ğŸ˜…
A bright paper show in Budva from the Smart_bee_party agency is a great opportunity to get an unforgettable atmosphere of funny pranks and reckless fun. ğŸ‘¯â€â™‚ï¸

The paper show is incredibly exciting, fun and moving. The animator holds contests, performances with paper and, of course, dances in paper snowdrifts. ğŸ¥³ This type of entertainment delights not only children, but also adults. It is ideal for celebrating a children's birthday from 4 years old ğŸ‰

Don't know where to spend your child's birthday? Rather write to us ğŸ™ŒğŸ«¶


+38268874550",Budva,2,,False,A birthday paper show is a great opportunity to do something that is practically inaccessible in ordinary life.,11/04/2022,00:00
77,"On Tuesday, October 11 at 20:00, a concert of the Ukrainian band Air Mysterium will take place in Podgorica.

Vocalist Anna Tchaikovskaya and multi-instrumentalist Hermes Zygott will present an audiovisual program sublimating various musical genres.

Originally known as a jazz performer, Anna Tchaikovskaya draws inspiration from soul and folk music, while Hermes Seygott follows in the footsteps of Arnold Schoenberg, Alexander Scriabin, John Cage and Karlheinz Stockhausen.

Ticket price: 5 euros. Can be purchased at the Music Center box office.

ğŸ“[MuziÄki Centar Crne Gore](https://www.google.com/maps/place/Musical+Centre+of+Montenegro/@42.437253,19.2639174,15z/data=!4m5!3m4!1s0x0:0x4fe0e32f7750080b!8m2! 3d42.4371389!4d19.2638488) (chamber hall)

telegram @PV0702",Podgorica,2,5 â‚¬,True,"On Tuesday, October 11 at 20:00, a concert of the Ukrainian band Air Mysterium will take place in Podgorica.",10/11/2022,20:00
78,"ğŸ‡²ğŸ‡ª Dear future mothers of Budva and other cities!ğŸ¤°

We decided to get together in a warm company to discuss questions of interest, listen to important first-hand information from the local doula Marina and ask everything that is not clearğŸ‘Œ

ğŸ¤— Let's discuss:

- All features of maternity hospitals. Their pros and cons.

- Where is it better to give birth on your own / with pathologies / where partner births are welcome?

- What actually include paid childbirth. When, who to pay?

- How to choose a doctor? Who is responsible for what at the birth of a baby, and who can be contacted for help. When, with whom and what to negotiate?

- Analyzes and examinations, pregnancy protocol

- What is the role of a husband and a doula, is it worth going to a partner birth, for whom is it necessary?

- What does the preparation for childbirth include? What must be done before childbirth, and what can be postponed?

- What should you be ready for immediately after childbirth?

And, of course, you can ask any questions.

âŒ›ï¸ The meeting will take place on Sunday, October 9 at 12 noon.

ğŸ¡ The venue depends on the number of participants.

ğŸ¤“ Record and all information in private messages @OxanaNekrasova

Join, it will be interesting and sincere",Budva,4,,False,"ğŸ‡²ğŸ‡ª Dear future mothers of Budva and other cities!ğŸ¤°

We decided to get together in a warm company to discuss questions of interest, listen to important first-hand information from the local doula Marina and ask everything that is not clearğŸ‘Œ

ğŸ¤— Let's discuss:

- All features of maternity hospitals.",,
79,"Today, October 9th! We invite you to networking ""Creative Montenegro"" at 16-18.00

What will happen ?
-acquaintance
-resource cards from Leyla Irfan
-invited speakers will share the secrets of how to be in the Resource:

Irina Osadchaya - orgasmic life coach, aroma and body practitioner, host of women's courses that have changed the lives of thousands of women. Solo mom of three.
Tell you how to quickly restore the resource. Light, working practices for attention and stress relief. About the tasks of this time.

Valeria Brukmeyer - author of practices for returning to one's own energy, liberating the body; mentor of women. Creator of powerful transformational programs.
He will tell about the feeling of life through the body as an endless source of resource.

Cost: 30 euros.
Budva. Record by phone +38268374282, telegram @irfanaleyla. I send the place by appointment",Budva,4,30 â‚¬,True,"Today, October 9th!",11/30/2022,00:00
80,"On October 14, Open heArt Studio (https://t.me/openheartstudio) invites you to Ripatti's musical and theater show ""Babakamusic"". It has been shown throughout Europe and Asia.

Anton Ripatti's music is a wild mixture of blues, psychedelics, electric and acoustic guitar, jazz, German cabaret, French chanson, noir, carnival and absurdity.

His performances are shows with elements of buffoonery, cabaret, mixed languages, Chinese lights and a sense of absurdity in the air.
Anton draws listeners into a dark and mysterious play of light and shadows, ghostly and beautiful, truly unforgettable.

More about Anton Ripatti's music:
Showreel Video: https://youtu.be/YKJ-jJrrTUY

Documentary ""Freeway (with Anton Ripatti)"" from LAN-movies, Berlin: https://www.youtube.com/watch?v=l3nqiJqv-Zg.

Tickets can be purchased in advance at the studio:
Mon 16:00-19:00
Tue 10:00-16:00
Fri 16:30-19:00

Cost: 10â‚¬

The show starts at 20:00.
Limited number of seats.

For all questions write @liya_flow

Studio location ğŸ‘‰
https://goo.gl/maps/vmpTDU3BFWMPbnzT7",Bar,4,10 â‚¬,True,"On October 14, Open heArt Studio (https://t.me/openheartstudio) invites you to Ripatti's musical and theater show ""Babakamusic"".",11/13/2022,20:00
81,"Tickets are running out!

Stand-up Montenegro is pleased to present:

Denis Alien. 2 concerts in Montenegro.
November 5 - Budva. ITbranch.house
November 6 - Podgorica. Tarantino culture.club

Link to tickets https://www.tixcom.de/?module=event&id=988

Russian stand-up comedian Denis Alien is a comedy with a deep social meaning. The comedian, who is not shown on Russian television, is gaining millions of views on YouTube and gathering thousands of halls. In his monologues there are not only tragicomic observations of an ordinary person, but also a considerable share of politics.

In 2022, when war came to the peaceful life of Europe, Denis Alien is one of the few popular Russians who was not afraid to openly criticize the actions of the authorities. Because of this, after some time he was forced to leave his native country - and now his creative path begins anew.

Note! Tickets will NOT be sold at the door. Please buy online in advance.",Podgorica,8,,False,Tickets are running out!,11/02/2022,00:00
82,"Hooray, Saturday teas are back!

This Saturday, October 8, come test CBD hemp tea. ğŸ’†
We will slow down and relax, and at night we will sleep well. Do you know what CBD is? If not, google it, or just come to us and try it, hemp tea is the perfect anti-stress - delicious and cozy.

And for a complete immersion, we will add a reggae vibe to the evening, because our good friend Gera Morales arrived in Montenegro, who, together with the virtuoso multi-instrumentalist Konstantin Fedorov, will play a tea chamber concert for all guests

ğŸ“Saturday, October 8
ğŸ“We start drinking tea at 17:00, and the concert at 18:00

â—ï¸Participation - donation from 5 â‚¬

For all questions:
Telegram: @mujerarana
WhatsApp: +38269916393
https://www.instagram.com/teahousebudva",Budva,0,5 â‚¬,True,"Hooray, Saturday teas are back!",11/13/2022,17:00
83,"We invite children from 4 to 7 years old and their parents to the play ""Looking for Friends"". A puppet show about how bad it is to be alone and how important it is to have friends.
October 08, at 11:00.
Address: Budva, Zavala, Harmonia by Dukley hotel
Price: 15e (child + adult)
Duration 50 min.
Compulsory booking by phone. +38269740077 (WA, Vib, Tel)",Budva,4,,False,"We invite children from 4 to 7 years old and their parents to the play ""Looking for Friends"".",10/08/2022,11:00
